[
  {
    "name": "Colors",
    "settings": [
      {
        "type": "header",
        "content": "General colors"
      },
      {
        "type": "color",
        "id": "color_primary",
        "label": "Primary",
        "default": "#204a80",
        "info": "Used for text links, and primary buttons"
      },
      {
        "type": "color",
        "id": "color_secondary",
        "label": "Secondary",
        "default": "#dcdcdc",
        "info": "Used for secondary buttons"
      },
      {
        "type": "color",
        "id": "color_borders",
        "label": "Borders",
        "default": "#e5e5e5"
      },
      {
        "type": "header",
        "content": "Body"
      },
      {
        "type": "color",
        "id": "color_body_bg",
        "label": "Background",
        "default": "#ffffff"
      },
      {
        "type": "color",
        "id": "color_body_text",
        "label": "Text",
        "default": "#333333"
      },
      {
        "type": "header",
        "content": "Footer"
      },
      {
        "type": "color",
        "id": "color_footer_bg",
        "label": "Background",
        "default": "#f2f2f2"
      },
      {
        "type": "color",
        "id": "color_footer_text",
        "label": "Text",
        "default": "#636363"
      },
      {
        "type": "color",
        "id": "color_footer_social_link",
        "label": "Social media icons",
        "default": "#bbbbbb"
      }
    ]
  },
  {
    "name": "Locale",
    "settings": [

      {
        "type": "header",
        "content": "Shipping Destinations"
      },
      {
        "type": "textarea",
        "id": "locale_asia_pacific",
        "label": "Asia Pacific"
      },
      {
        "type": "textarea",
        "id": "locale_europe",
        "label": "Europe"
      },
      {
        "type": "textarea",
        "id": "locale_middle_east",
        "label": "Middle East"
      },
      {
        "type": "textarea",
        "id": "locale_north_america",
        "label": "North America"
      },
      {
        "type": "textarea",
        "id": "locale_south _america",
        "label": "South America"
      },
      {
        "type": "textarea",
        "id": "locale_scandinavia",
        "label": "Scandinavia"
      },
      {
        "type": "header",
        "content": "Europe"
      }
    ]
  },
  {
    "name": "Footer",
    "settings": [
      {
        "type": "checkbox",
        "id": "footer_social_enable",
        "label": "Show social media icons"
      },
      {
        "type": "checkbox",
        "id": "footer_newsletter_enable",
        "label": "Show newsletter field"
      },
      {
        "type": "text",
        "id": "newsletter_form_action",
        "label": "MailChimp form action URL",
        "info": "[Where do I find my MailChimp form action URL?](http:\/\/docs.shopify.com\/support\/configuration\/store-customization\/where-do-i-get-my-mailchimp-form-action)"
      }
    ]
  },
  {
    "name": "Cart page",
    "settings": [
      {
        "type": "checkbox",
        "id": "cart_notes_enable",
        "label": "Enable cart notes"
      },
      {
        "type": "checkbox",
        "id": "cart_vendor_enable",
        "label": "Show product vendor"
      },
      {
        "type": "select",
        "id": "ajax_cart_method",
        "label": "Cart type",
        "options": [
          {
            "value": "drawer",
            "label": "Drawer"
          },
          {
            "value": "page",
            "label": "Page"
          }
        ]
      }
    ]
  },
  {
    "name": "Social media",
    "settings": [
      {
        "type": "text",
        "id": "social_twitter_link",
        "label": "Twitter URL",
        "info": "https://twitter.com/shopify"
      },
      {
        "type": "text",
        "id": "social_facebook_link",
        "label": "Facebook URL",
        "info": "https://www.facebook.com/shopify"
      }
    ]
  }
]
